peptide,target,af_score
Capi-var1,C3,-10.352
Capistruin,C3,-10.352
Chaxapeptin,C3,-9.905
Lassomycin,C3,-10.43
MccJ25,C3,-11.079
PB1m7,C3,-11.068
RES-701-1,C3,-11.201
RES-701-3,C3,-11.141
Siamycin-I,C3,-11.333
Sphingopyxin-I,C3,-12.528
Ubonodin,C3,-11.407
Capi-var1,CLPB,-12.085
Capistruin,CLPB,-13.328
Chaxapeptin,CLPB,-12.573
Lassomycin,CLPB,-12.633
MccJ25,CLPB,-12.965
PB1m7,CLPB,-12.489
RES-701-1,CLPB,-13.208
RES-701-3,CLPB,-13.643
Siamycin-I,CLPB,-13.051
Sphingopyxin-I,CLPB,-14.608
Ubonodin,CLPB,-14.45
Capi-var1,EDNRB,-3.687
Capistruin,EDNRB,-3.714
Chaxapeptin,EDNRB,-5.662
Lassomycin,EDNRB,-3.973
MccJ25,EDNRB,-4.842
PB1m7,EDNRB,-3.395
RES-701-1,EDNRB,-8.384
RES-701-3,EDNRB,-8.394
Siamycin-I,EDNRB,43.888
Sphingopyxin-I,EDNRB,41.467
Capi-var1,FKBP1A,-9.773
Capistruin,FKBP1A,-9.709
Chaxapeptin,FKBP1A,-10.152
Lassomycin,FKBP1A,-10.701
MccJ25,FKBP1A,-11.633
PB1m7,FKBP1A,-10.74
RES-701-1,FKBP1A,-13.07
RES-701-3,FKBP1A,-12.976
Siamycin-I,FKBP1A,-11.594
Sphingopyxin-I,FKBP1A,-12.221
Ubonodin,FKBP1A,-10.492
Capi-var1,MDM2,-8.161
Capistruin,MDM2,-7.077
Chaxapeptin,MDM2,-8.155
Lassomycin,MDM2,-8.612
MccJ25,MDM2,-9.041
PB1m7,MDM2,-10.057
RES-701-1,MDM2,-9.914
RES-701-3,MDM2,-9.915
Siamycin-I,MDM2,-9.612
Sphingopyxin-I,MDM2,-8.876
Ubonodin,MDM2,27.954
Capi-var1,NPR1,-11.869
Capistruin,NPR1,-11.87
Chaxapeptin,NPR1,-12.37
Lassomycin,NPR1,-12.802
MccJ25,NPR1,-13.51
PB1m7,NPR1,-12.858
RES-701-1,NPR1,-12.677
RES-701-3,NPR1,-15.127
Siamycin-I,NPR1,-12.172
Sphingopyxin-I,NPR1,-13.833
Ubonodin,NPR1,-14.381
Capi-var1,PLXNB1,-12.023
Capistruin,PLXNB1,-11.985
Chaxapeptin,PLXNB1,-13.549
Lassomycin,PLXNB1,-14.521
MccJ25,PLXNB1,-15.389
PB1m7,PLXNB1,-15.777
RES-701-1,PLXNB1,-12.395
RES-701-3,PLXNB1,-12.397
Siamycin-I,PLXNB1,1.472
Sphingopyxin-I,PLXNB1,-11.161
Ubonodin,PLXNB1,147.299
Capi-var1,POLR2A,-13.751
Capistruin,POLR2A,-13.747
Chaxapeptin,POLR2A,-12.804
Lassomycin,POLR2A,-14.197
MccJ25,POLR2A,-15.582
PB1m7,POLR2A,-13.775
RES-701-1,POLR2A,-15.044
RES-701-3,POLR2A,-15.044
Siamycin-I,POLR2A,-14.524
Sphingopyxin-I,POLR2A,-15.436
Ubonodin,POLR2A,-15.726
Capi-var1,PPIA,-11.354
Capistruin,PPIA,-11.355
Chaxapeptin,PPIA,-10.791
Lassomycin,PPIA,-10.641
MccJ25,PPIA,-11.82
PB1m7,PPIA,-11.283
RES-701-1,PPIA,-11.401
RES-701-3,PPIA,-11.401
Siamycin-I,PPIA,-11.048
Sphingopyxin-I,PPIA,-11.944
Ubonodin,PPIA,-11.706
