peptide_id,final_rank,target_id,c_term_residue,tail,modification,what_it_does,rationale,expected_effect_on_binding,synthesis_cost,priority,topology_source
MccJ25,1,POLR2A,G,YFVGIGTPISFYG(13 aa),C_term_amidation,C-terminal carboxyl -> amide (CONH2),removes the carboxypeptidase substrate; the exposed tail is the main protease handle,usually neutral: the tail points away from the binding interface in characterised complexes,trivial (standard SPPS),high,"literature: lactam Gly1-E8, tail Y9-G21 threads; His5 H-bonds tail"
MccJ25,1,POLR2A,G,YFVGIGTPISFYG(13 aa),C_term_methylation,C-terminal carboxyl -> methyl ester/amide,same protection as amidation with a different synthesis route,neutral to slightly negative (ester is hydrolytically labile),trivial,low,"literature: lactam Gly1-E8, tail Y9-G21 threads; His5 H-bonds tail"
MccJ25,1,POLR2A,G,YFVGIGTPISFYG(13 aa),N_term_capping,NOT APPLICABLE,the N-terminal alpha-amino group is already consumed by the macrolactam,n/a - this is an intrinsic advantage of the lasso fold,n/a,n/a,"literature: lactam Gly1-E8, tail Y9-G21 threads; His5 H-bonds tail"
MccJ25,1,POLR2A,G,YFVGIGTPISFYG(13 aa),tail_truncation,delete 1-2 exposed tail residues,shortens the protease-accessible segment,RISK: the tail threads the ring; shortening can unthread the peptide and destroy the fold,moderate,medium-low,"literature: lactam Gly1-E8, tail Y9-G21 threads; His5 H-bonds tail"
MccJ25,1,POLR2A,G,YFVGIGTPISFYG(13 aa),D-amino_acid_scan,replace tail residues with D-configured analogues,proteases cannot cleave D-peptide bonds,depends on the residue; tail is peripheral in known complexes,moderate (chiral synthesis),medium,"literature: lactam Gly1-E8, tail Y9-G21 threads; His5 H-bonds tail"
MccJ25,1,POLR2A,G,YFVGIGTPISFYG(13 aa),head-to-tail_cyclisation,covalent closure of the tail to the ring,removes the free tail entirely - maximum protease resistance,"HIGH RISK: converts a lasso into a simple cycle, discarding the threaded topology",hard,low,"literature: lactam Gly1-E8, tail Y9-G21 threads; His5 H-bonds tail"
Ubonodin,2,POLR2A,G,YFNRPMHIHDWQIMDSGYYG(20 aa),C_term_amidation,C-terminal carboxyl -> amide (CONH2),removes the carboxypeptidase substrate; the exposed tail is the main protease handle,usually neutral: the tail points away from the binding interface in characterised complexes,trivial (standard SPPS),high,assumed default
Ubonodin,2,POLR2A,G,YFNRPMHIHDWQIMDSGYYG(20 aa),C_term_methylation,C-terminal carboxyl -> methyl ester/amide,same protection as amidation with a different synthesis route,neutral to slightly negative (ester is hydrolytically labile),trivial,low,assumed default
Ubonodin,2,POLR2A,G,YFNRPMHIHDWQIMDSGYYG(20 aa),N_term_capping,NOT APPLICABLE,the N-terminal alpha-amino group is already consumed by the macrolactam,n/a - this is an intrinsic advantage of the lasso fold,n/a,n/a,assumed default
Ubonodin,2,POLR2A,G,YFNRPMHIHDWQIMDSGYYG(20 aa),tail_truncation,delete 1-2 exposed tail residues,shortens the protease-accessible segment,RISK: the tail threads the ring; shortening can unthread the peptide and destroy the fold,moderate,medium-low,assumed default
Ubonodin,2,POLR2A,G,YFNRPMHIHDWQIMDSGYYG(20 aa),D-amino_acid_scan,replace tail residues with D-configured analogues,proteases cannot cleave D-peptide bonds,depends on the residue; tail is peripheral in known complexes,moderate (chiral synthesis),medium,assumed default
Ubonodin,2,POLR2A,G,YFNRPMHIHDWQIMDSGYYG(20 aa),head-to-tail_cyclisation,covalent closure of the tail to the ring,removes the free tail entirely - maximum protease resistance,"HIGH RISK: converts a lasso into a simple cycle, discarding the threaded topology",hard,low,assumed default
Capistruin,3,POLR2A,N,ARVISRFGFN(10 aa),C_term_amidation,C-terminal carboxyl -> amide (CONH2),removes the carboxypeptidase substrate; the exposed tail is the main protease handle,usually neutral: the tail points away from the binding interface in characterised complexes,trivial (standard SPPS),high,"literature: lactam Gly1-D9, tail R10-N19"
Capistruin,3,POLR2A,N,ARVISRFGFN(10 aa),C_term_methylation,C-terminal carboxyl -> methyl ester/amide,same protection as amidation with a different synthesis route,neutral to slightly negative (ester is hydrolytically labile),trivial,low,"literature: lactam Gly1-D9, tail R10-N19"
Capistruin,3,POLR2A,N,ARVISRFGFN(10 aa),N_term_capping,NOT APPLICABLE,the N-terminal alpha-amino group is already consumed by the macrolactam,n/a - this is an intrinsic advantage of the lasso fold,n/a,n/a,"literature: lactam Gly1-D9, tail R10-N19"
Capistruin,3,POLR2A,N,ARVISRFGFN(10 aa),tail_truncation,delete 1-2 exposed tail residues,shortens the protease-accessible segment,RISK: the tail threads the ring; shortening can unthread the peptide and destroy the fold,moderate,medium-low,"literature: lactam Gly1-D9, tail R10-N19"
Capistruin,3,POLR2A,N,ARVISRFGFN(10 aa),D-amino_acid_scan,replace tail residues with D-configured analogues,proteases cannot cleave D-peptide bonds,depends on the residue; tail is peripheral in known complexes,moderate (chiral synthesis),medium,"literature: lactam Gly1-D9, tail R10-N19"
Capistruin,3,POLR2A,N,ARVISRFGFN(10 aa),head-to-tail_cyclisation,covalent closure of the tail to the ring,removes the free tail entirely - maximum protease resistance,"HIGH RISK: converts a lasso into a simple cycle, discarding the threaded topology",hard,low,"literature: lactam Gly1-D9, tail R10-N19"
Anantin,6,EDNRB,G,IFGHYGG(7 aa),C_term_amidation,C-terminal carboxyl -> amide (CONH2),removes the carboxypeptidase substrate; the exposed tail is the main protease handle,usually neutral: the tail points away from the binding interface in characterised complexes,trivial (standard SPPS),high,"PREDICTED structure (LassoPred+tleap, 8 loop-length models)"
Anantin,6,EDNRB,G,IFGHYGG(7 aa),C_term_methylation,C-terminal carboxyl -> methyl ester/amide,same protection as amidation with a different synthesis route,neutral to slightly negative (ester is hydrolytically labile),trivial,low,"PREDICTED structure (LassoPred+tleap, 8 loop-length models)"
Anantin,6,EDNRB,G,IFGHYGG(7 aa),N_term_capping,NOT APPLICABLE,the N-terminal alpha-amino group is already consumed by the macrolactam,n/a - this is an intrinsic advantage of the lasso fold,n/a,n/a,"PREDICTED structure (LassoPred+tleap, 8 loop-length models)"
Anantin,6,EDNRB,G,IFGHYGG(7 aa),tail_truncation,delete 1-2 exposed tail residues,shortens the protease-accessible segment,RISK: the tail threads the ring; shortening can unthread the peptide and destroy the fold,moderate,medium-low,"PREDICTED structure (LassoPred+tleap, 8 loop-length models)"
Anantin,6,EDNRB,G,IFGHYGG(7 aa),D-amino_acid_scan,replace tail residues with D-configured analogues,proteases cannot cleave D-peptide bonds,depends on the residue; tail is peripheral in known complexes,moderate (chiral synthesis),medium,"PREDICTED structure (LassoPred+tleap, 8 loop-length models)"
Anantin,6,EDNRB,G,IFGHYGG(7 aa),head-to-tail_cyclisation,covalent closure of the tail to the ring,removes the free tail entirely - maximum protease resistance,"HIGH RISK: converts a lasso into a simple cycle, discarding the threaded topology",hard,low,"PREDICTED structure (LassoPred+tleap, 8 loop-length models)"
RES-701-3,9,POLR2A,W,WFFNYYW(7 aa),C_term_amidation,C-terminal carboxyl -> amide (CONH2),removes the carboxypeptidase substrate; the exposed tail is the main protease handle,usually neutral: the tail points away from the binding interface in characterised complexes,trivial (standard SPPS),high,literature: 9-residue ring (RES series)
RES-701-3,9,POLR2A,W,WFFNYYW(7 aa),C_term_methylation,C-terminal carboxyl -> methyl ester/amide,same protection as amidation with a different synthesis route,neutral to slightly negative (ester is hydrolytically labile),trivial,low,literature: 9-residue ring (RES series)
RES-701-3,9,POLR2A,W,WFFNYYW(7 aa),N_term_capping,NOT APPLICABLE,the N-terminal alpha-amino group is already consumed by the macrolactam,n/a - this is an intrinsic advantage of the lasso fold,n/a,n/a,literature: 9-residue ring (RES series)
RES-701-3,9,POLR2A,W,WFFNYYW(7 aa),tail_truncation,delete 1-2 exposed tail residues,shortens the protease-accessible segment,RISK: the tail threads the ring; shortening can unthread the peptide and destroy the fold,moderate,medium-low,literature: 9-residue ring (RES series)
RES-701-3,9,POLR2A,W,WFFNYYW(7 aa),D-amino_acid_scan,replace tail residues with D-configured analogues,proteases cannot cleave D-peptide bonds,depends on the residue; tail is peripheral in known complexes,moderate (chiral synthesis),medium,literature: 9-residue ring (RES series)
RES-701-3,9,POLR2A,W,WFFNYYW(7 aa),head-to-tail_cyclisation,covalent closure of the tail to the ring,removes the free tail entirely - maximum protease resistance,"HIGH RISK: converts a lasso into a simple cycle, discarding the threaded topology",hard,low,literature: 9-residue ring (RES series)
RES-701-1,10,EDNRB,W,WFFNYYW(7 aa),C_term_amidation,C-terminal carboxyl -> amide (CONH2),removes the carboxypeptidase substrate; the exposed tail is the main protease handle,usually neutral: the tail points away from the binding interface in characterised complexes,trivial (standard SPPS),high,literature: 9-residue ring (RES series)
RES-701-1,10,EDNRB,W,WFFNYYW(7 aa),C_term_methylation,C-terminal carboxyl -> methyl ester/amide,same protection as amidation with a different synthesis route,neutral to slightly negative (ester is hydrolytically labile),trivial,low,literature: 9-residue ring (RES series)
RES-701-1,10,EDNRB,W,WFFNYYW(7 aa),N_term_capping,NOT APPLICABLE,the N-terminal alpha-amino group is already consumed by the macrolactam,n/a - this is an intrinsic advantage of the lasso fold,n/a,n/a,literature: 9-residue ring (RES series)
RES-701-1,10,EDNRB,W,WFFNYYW(7 aa),tail_truncation,delete 1-2 exposed tail residues,shortens the protease-accessible segment,RISK: the tail threads the ring; shortening can unthread the peptide and destroy the fold,moderate,medium-low,literature: 9-residue ring (RES series)
RES-701-1,10,EDNRB,W,WFFNYYW(7 aa),D-amino_acid_scan,replace tail residues with D-configured analogues,proteases cannot cleave D-peptide bonds,depends on the residue; tail is peripheral in known complexes,moderate (chiral synthesis),medium,literature: 9-residue ring (RES series)
RES-701-1,10,EDNRB,W,WFFNYYW(7 aa),head-to-tail_cyclisation,covalent closure of the tail to the ring,removes the free tail entirely - maximum protease resistance,"HIGH RISK: converts a lasso into a simple cycle, discarding the threaded topology",hard,low,literature: 9-residue ring (RES series)
Chaxapeptin,13,POLR2A,F,SFGLNFF(7 aa),C_term_amidation,C-terminal carboxyl -> amide (CONH2),removes the carboxypeptidase substrate; the exposed tail is the main protease handle,usually neutral: the tail points away from the binding interface in characterised complexes,trivial (standard SPPS),high,assumed default
Chaxapeptin,13,POLR2A,F,SFGLNFF(7 aa),C_term_methylation,C-terminal carboxyl -> methyl ester/amide,same protection as amidation with a different synthesis route,neutral to slightly negative (ester is hydrolytically labile),trivial,low,assumed default
Chaxapeptin,13,POLR2A,F,SFGLNFF(7 aa),N_term_capping,NOT APPLICABLE,the N-terminal alpha-amino group is already consumed by the macrolactam,n/a - this is an intrinsic advantage of the lasso fold,n/a,n/a,assumed default
Chaxapeptin,13,POLR2A,F,SFGLNFF(7 aa),tail_truncation,delete 1-2 exposed tail residues,shortens the protease-accessible segment,RISK: the tail threads the ring; shortening can unthread the peptide and destroy the fold,moderate,medium-low,assumed default
Chaxapeptin,13,POLR2A,F,SFGLNFF(7 aa),D-amino_acid_scan,replace tail residues with D-configured analogues,proteases cannot cleave D-peptide bonds,depends on the residue; tail is peripheral in known complexes,moderate (chiral synthesis),medium,assumed default
Chaxapeptin,13,POLR2A,F,SFGLNFF(7 aa),head-to-tail_cyclisation,covalent closure of the tail to the ring,removes the free tail entirely - maximum protease resistance,"HIGH RISK: converts a lasso into a simple cycle, discarding the threaded topology",hard,low,assumed default
Siamycin-I,17,POLR2A,W,DFAGCGYAIVCFW(13 aa),C_term_amidation,C-terminal carboxyl -> amide (CONH2),removes the carboxypeptidase substrate; the exposed tail is the main protease handle,usually neutral: the tail points away from the binding interface in characterised complexes,trivial (standard SPPS),high,assumed default (uncharacterised topology)
Siamycin-I,17,POLR2A,W,DFAGCGYAIVCFW(13 aa),C_term_methylation,C-terminal carboxyl -> methyl ester/amide,same protection as amidation with a different synthesis route,neutral to slightly negative (ester is hydrolytically labile),trivial,low,assumed default (uncharacterised topology)
Siamycin-I,17,POLR2A,W,DFAGCGYAIVCFW(13 aa),N_term_capping,NOT APPLICABLE,the N-terminal alpha-amino group is already consumed by the macrolactam,n/a - this is an intrinsic advantage of the lasso fold,n/a,n/a,assumed default (uncharacterised topology)
Siamycin-I,17,POLR2A,W,DFAGCGYAIVCFW(13 aa),tail_truncation,delete 1-2 exposed tail residues,shortens the protease-accessible segment,RISK: the tail threads the ring; shortening can unthread the peptide and destroy the fold,moderate,medium-low,assumed default (uncharacterised topology)
Siamycin-I,17,POLR2A,W,DFAGCGYAIVCFW(13 aa),D-amino_acid_scan,replace tail residues with D-configured analogues,proteases cannot cleave D-peptide bonds,depends on the residue; tail is peripheral in known complexes,moderate (chiral synthesis),medium,assumed default (uncharacterised topology)
Siamycin-I,17,POLR2A,W,DFAGCGYAIVCFW(13 aa),head-to-tail_cyclisation,covalent closure of the tail to the ring,removes the free tail entirely - maximum protease resistance,"HIGH RISK: converts a lasso into a simple cycle, discarding the threaded topology",hard,low,assumed default (uncharacterised topology)
Lassomycin,18,CLPB,I,QLVGRRNI(8 aa),C_term_amidation,C-terminal carboxyl -> amide (CONH2),removes the carboxypeptidase substrate; the exposed tail is the main protease handle,usually neutral: the tail points away from the binding interface in characterised complexes,trivial (standard SPPS),high,"literature: lactam Gly1-D8, tail Q9-X16"
Lassomycin,18,CLPB,I,QLVGRRNI(8 aa),C_term_methylation,C-terminal carboxyl -> methyl ester/amide,same protection as amidation with a different synthesis route,neutral to slightly negative (ester is hydrolytically labile),trivial,low,"literature: lactam Gly1-D8, tail Q9-X16"
Lassomycin,18,CLPB,I,QLVGRRNI(8 aa),N_term_capping,NOT APPLICABLE,the N-terminal alpha-amino group is already consumed by the macrolactam,n/a - this is an intrinsic advantage of the lasso fold,n/a,n/a,"literature: lactam Gly1-D8, tail Q9-X16"
Lassomycin,18,CLPB,I,QLVGRRNI(8 aa),tail_truncation,delete 1-2 exposed tail residues,shortens the protease-accessible segment,RISK: the tail threads the ring; shortening can unthread the peptide and destroy the fold,moderate,medium-low,"literature: lactam Gly1-D8, tail Q9-X16"
Lassomycin,18,CLPB,I,QLVGRRNI(8 aa),D-amino_acid_scan,replace tail residues with D-configured analogues,proteases cannot cleave D-peptide bonds,depends on the residue; tail is peripheral in known complexes,moderate (chiral synthesis),medium,"literature: lactam Gly1-D8, tail Q9-X16"
Lassomycin,18,CLPB,I,QLVGRRNI(8 aa),head-to-tail_cyclisation,covalent closure of the tail to the ring,removes the free tail entirely - maximum protease resistance,"HIGH RISK: converts a lasso into a simple cycle, discarding the threaded topology",hard,low,"literature: lactam Gly1-D8, tail Q9-X16"
Sphingopyxin-I,26,EDNRB,D,EDQGEHYLFAGGITADD(17 aa),C_term_amidation,C-terminal carboxyl -> amide (CONH2),removes the carboxypeptidase substrate; the exposed tail is the main protease handle,usually neutral: the tail points away from the binding interface in characterised complexes,trivial (standard SPPS),high,assumed default
Sphingopyxin-I,26,EDNRB,D,EDQGEHYLFAGGITADD(17 aa),C_term_methylation,C-terminal carboxyl -> methyl ester/amide,same protection as amidation with a different synthesis route,neutral to slightly negative (ester is hydrolytically labile),trivial,low,assumed default
Sphingopyxin-I,26,EDNRB,D,EDQGEHYLFAGGITADD(17 aa),N_term_capping,NOT APPLICABLE,the N-terminal alpha-amino group is already consumed by the macrolactam,n/a - this is an intrinsic advantage of the lasso fold,n/a,n/a,assumed default
Sphingopyxin-I,26,EDNRB,D,EDQGEHYLFAGGITADD(17 aa),tail_truncation,delete 1-2 exposed tail residues,shortens the protease-accessible segment,RISK: the tail threads the ring; shortening can unthread the peptide and destroy the fold,moderate,medium-low,assumed default
Sphingopyxin-I,26,EDNRB,D,EDQGEHYLFAGGITADD(17 aa),D-amino_acid_scan,replace tail residues with D-configured analogues,proteases cannot cleave D-peptide bonds,depends on the residue; tail is peripheral in known complexes,moderate (chiral synthesis),medium,assumed default
Sphingopyxin-I,26,EDNRB,D,EDQGEHYLFAGGITADD(17 aa),head-to-tail_cyclisation,covalent closure of the tail to the ring,removes the free tail entirely - maximum protease resistance,"HIGH RISK: converts a lasso into a simple cycle, discarding the threaded topology",hard,low,assumed default
Lariocidin,79,PPIA,G,GKFGRGVKRG(10 aa),C_term_amidation,C-terminal carboxyl -> amide (CONH2),removes the carboxypeptidase substrate; the exposed tail is the main protease handle,usually neutral: the tail points away from the binding interface in characterised complexes,trivial (standard SPPS),high,assumed default
Lariocidin,79,PPIA,G,GKFGRGVKRG(10 aa),C_term_methylation,C-terminal carboxyl -> methyl ester/amide,same protection as amidation with a different synthesis route,neutral to slightly negative (ester is hydrolytically labile),trivial,low,assumed default
Lariocidin,79,PPIA,G,GKFGRGVKRG(10 aa),N_term_capping,NOT APPLICABLE,the N-terminal alpha-amino group is already consumed by the macrolactam,n/a - this is an intrinsic advantage of the lasso fold,n/a,n/a,assumed default
Lariocidin,79,PPIA,G,GKFGRGVKRG(10 aa),tail_truncation,delete 1-2 exposed tail residues,shortens the protease-accessible segment,RISK: the tail threads the ring; shortening can unthread the peptide and destroy the fold,moderate,medium-low,assumed default
Lariocidin,79,PPIA,G,GKFGRGVKRG(10 aa),D-amino_acid_scan,replace tail residues with D-configured analogues,proteases cannot cleave D-peptide bonds,depends on the residue; tail is peripheral in known complexes,moderate (chiral synthesis),medium,assumed default
Lariocidin,79,PPIA,G,GKFGRGVKRG(10 aa),head-to-tail_cyclisation,covalent closure of the tail to the ring,removes the free tail entirely - maximum protease resistance,"HIGH RISK: converts a lasso into a simple cycle, discarding the threaded topology",hard,low,assumed default
