id,target_id,logit,variant_id,peptide_id,position,wt,mut,flag,wt_logit,delta
Chaxapeptin_p6PY,POLR2A,6.425208568572998,Chaxapeptin_p6PY,Chaxapeptin,6,P,Y,,1.8022,4.623008568572998
Lassomycin_p14RW,CLPB,-0.5784828066825867,Lassomycin_p14RW,Lassomycin,14,R,W,,-5.1498,4.571317193317413
Lassomycin_p2LY,CLPB,-0.6697989106178284,Lassomycin_p2LY,Lassomycin,2,L,Y,,-5.1498,4.480001089382172
Lassomycin_p10LY,CLPB,-0.6856452822685242,Lassomycin_p10LY,Lassomycin,10,L,Y,,-5.1498,4.464154717731476
Lassomycin_p14RY,CLPB,-0.7536575794219971,Lassomycin_p14RY,Lassomycin,14,R,Y,,-5.1498,4.396142420578003
Chaxapeptin_p13NY,POLR2A,5.960437774658203,Chaxapeptin_p13NY,Chaxapeptin,13,N,Y,,1.8022,4.158237774658203
Chaxapeptin_p13NF,POLR2A,5.919191837310791,Chaxapeptin_p13NF,Chaxapeptin,13,N,F,,1.8022,4.116991837310791
Lassomycin_p5LY,CLPB,-1.120342254638672,Lassomycin_p5LY,Lassomycin,5,L,Y,,-5.1498,4.029457745361328
Lassomycin_p10LW,CLPB,-1.1262561082839966,Lassomycin_p10LW,Lassomycin,10,L,W,,-5.1498,4.023543891716003
Lassomycin_p7AY,CLPB,-1.1471794843673706,Lassomycin_p7AY,Lassomycin,7,A,Y,,-5.1498,4.002620515632629
Lassomycin_p14RF,CLPB,-1.2150100469589231,Lassomycin_p14RF,Lassomycin,14,R,F,,-5.1498,3.9347899530410766
Lassomycin_p10LH,CLPB,-1.461844563484192,Lassomycin_p10LH,Lassomycin,10,L,H,,-5.1498,3.687955436515808
Lassomycin_p13RF,CLPB,-1.5198343992233276,Lassomycin_p13RF,Lassomycin,13,R,F,,-5.1498,3.6299656007766723
Lassomycin_p2LH,CLPB,-1.6385079622268677,Lassomycin_p2LH,Lassomycin,2,L,H,,-5.1498,3.5112920377731323
Chaxapeptin_p4SY,POLR2A,5.299814701080322,Chaxapeptin_p4SY,Chaxapeptin,4,S,Y,,1.8022,3.4976147010803222
Lassomycin_p13RW,CLPB,-1.655901312828064,Lassomycin_p13RW,Lassomycin,13,R,W,,-5.1498,3.493898687171936
Chaxapeptin_p7LY,POLR2A,5.227639675140381,Chaxapeptin_p7LY,Chaxapeptin,7,L,Y,,1.8022,3.425439675140381
Chaxapeptin_p12LY,POLR2A,5.176402568817139,Chaxapeptin_p12LY,Chaxapeptin,12,L,Y,,1.8022,3.3742025688171386
Chaxapeptin_p5KY,POLR2A,5.168256759643555,Chaxapeptin_p5KY,Chaxapeptin,5,K,Y,,1.8022,3.3660567596435547
Lassomycin_p13RY,CLPB,-1.8055247068405151,Lassomycin_p13RY,Lassomycin,13,R,Y,,-5.1498,3.344275293159485
